user_id,asset_id,amount,txn_date,rating
28,30,6205,2024-04-03,2.900694088894672
31,3,7907,2022-03-09,3.592272654358191
21,23,675,2023-03-13,1.9268772016430684
3,8,196,2022-07-08,1.7026443032452132
47,22,938,2022-08-17,2.179600104223875
40,1,343,2023-10-01,2.053568310931958
39,29,753,2023-01-13,3.5254378649311837
7,25,2027,2022-06-24,1.8512793445007745
8,14,3227,2024-03-12,2.077947702671988
2,23,2279,2022-10-23,1.7993852854342607
22,26,3988,2022-08-14,1.4067697707748688
8,21,683,2024-05-18,3.340820693467202
39,4,3740,2022-06-24,4.3310158315586005
40,20,334,2024-05-22,2.4086108548359144
42,30,133,2022-12-25,4.274385435407572
26,5,457,2022-03-14,2.652846720791959
9,12,1101,2022-06-05,2.620043751071235
48,25,2208,2022-09-09,2.4773366139410307
16,29,2728,2023-05-14,1.9385345870912822
12,26,930,2023-11-14,4.474972638201477
29,14,242,2022-03-26,3.5592739054879914
36,1,1299,2023-08-08,3.4799173069688045
10,22,2066,2022-02-10,4.153018631252893
32,1,1600,2023-09-08,1.8513102790564484
16,24,5810,2024-04-29,3.2752545051216178
20,24,2311,2023-06-01,3.740986034308027
33,1,3384,2024-01-09,3.909613934906766
40,10,513,2022-09-04,3.357512115819254
12,14,86,2022-03-26,2.6108537871581117
8,29,3777,2022-01-21,3.1660786090285757
34,19,712,2022-04-17,3.7616088750773558
29,24,2706,2023-12-25,4.162040197969897
36,10,1151,2023-05-27,4.288656247514002
36,18,625,2023-06-07,3.422368341621179
23,30,1700,2022-08-03,3.915497228379747
35,9,998,2023-04-26,3.686291727030773
20,16,1037,2022-09-25,3.313633511786077
31,20,1753,2023-07-23,2.9003798019250526
5,3,1894,2023-05-14,2.725928905415483
42,26,168,2023-05-10,3.199451633297564
5,3,4423,2022-11-12,3.4910730731803397
38,7,1160,2022-07-20,4.08630463047999
9,18,4499,2022-05-12,1.7346768595083635
8,16,4027,2024-03-03,3.063207211395245
17,7,8587,2023-11-10,2.425244622998051
44,22,2492,2022-08-12,2.829242278630522
19,7,1189,2022-08-17,4.154997767748609
20,28,2965,2024-01-11,1.4680741043123822
39,1,2335,2022-08-02,2.5605934547671434
25,24,1553,2023-01-28,1.0326453103371611
44,13,7055,2022-02-08,3.055722131615103
11,28,203,2023-05-14,3.7868034450867722
20,25,1530,2023-07-21,2.654446238713302
3,16,2721,2024-04-03,4.487973605189544
10,16,4469,2023-02-15,1.8377204327421113
28,4,1296,2022-11-15,3.627205128731335
50,28,211,2024-05-26,1.4698347863486247
20,13,2358,2022-05-27,3.2899811670442416
46,3,3507,2024-05-04,3.5935704132235724
2,10,5448,2024-02-19,4.181326900343703
45,5,103,2022-12-05,3.2363820195385467
25,22,3584,2023-05-28,2.1221233051466735
33,2,125,2022-05-01,3.2739655344060115
5,6,4937,2023-06-11,4.529223685207542
37,10,3839,2022-08-11,2.1459036564939247
45,13,514,2024-03-01,2.8860964119829653
40,2,936,2022-04-13,3.19386694886649
3,27,785,2024-01-05,4.63791913690419
44,5,235,2023-12-14,2.5493931108317094
23,15,3121,2023-07-30,5.0
11,19,4719,2023-07-10,3.043256699408389
18,30,1668,2022-03-23,3.192280924861982
34,20,1635,2023-02-10,2.789406629942432
42,19,2442,2023-12-18,3.4278474320650134
10,24,3741,2023-11-24,1.7814713036225913
43,11,599,2022-03-10,3.9647321657940684
23,23,1807,2022-12-27,2.2735567651436495
4,24,1110,2024-02-26,3.4488264539768485
27,29,7282,2023-06-26,3.4928853232157997
18,28,904,2022-01-29,2.5770208116002364
6,1,1578,2022-11-17,2.0252082869707317
26,25,1362,2023-09-12,2.0717399797845553
30,11,5123,2022-02-24,3.681083411680408
49,3,457,2022-07-08,2.5037090219715585
22,14,1976,2022-11-29,4.315974170801027
14,27,631,2023-10-05,2.8007711683548973
47,23,1483,2023-04-24,2.8976659268153866
35,19,605,2022-08-31,2.2355676475196593
37,28,90,2022-10-17,2.4827416926059787
44,25,4474,2023-06-19,2.134761597108484
4,10,3163,2023-03-25,3.0618946461180947
34,15,2786,2023-01-24,2.310972638937389
19,10,717,2022-11-23,3.740942038025313
45,6,1911,2022-08-02,4.527533312376105
22,21,381,2022-08-10,2.694471822104991
30,24,4591,2022-03-14,2.66923900894584
31,8,2437,2024-06-16,3.139173063335656
11,4,60,2024-05-27,3.7262975577939423
30,24,2616,2024-01-09,3.228784132950627
26,19,3697,2022-07-04,4.4264902683000455
26,22,2532,2022-06-29,3.172688518551204
1,26,2970,2022-03-20,4.367196530551067
11,4,823,2023-06-19,2.401624008138808
5,23,1642,2022-07-01,1.2889597481525477
40,2,233,2022-05-05,4.911902617774659
35,30,275,2024-02-05,2.51646841749463
44,18,315,2023-10-20,3.06927182997832
22,28,3738,2022-05-06,2.8754582116863365
41,5,500,2022-05-28,3.3155617139026377
14,26,4819,2022-10-12,2.6632124153437897
42,25,2347,2023-02-11,3.442026521877952
38,1,2803,2023-03-29,3.2364403607833223
25,17,4646,2022-12-12,3.713928655852169
39,19,1179,2022-10-27,3.076496356711514
8,10,349,2023-12-16,3.506225492885028
39,27,3157,2022-05-17,4.816554286243517
33,29,621,2023-11-01,3.057252989775514
10,5,4237,2022-11-04,2.6178740425879066
38,13,284,2024-02-01,2.784100051765303
29,8,374,2022-07-26,2.216989027374154
12,13,2596,2023-08-01,3.3307479225789605
43,27,898,2022-06-13,4.501436650046453
10,8,1801,2022-12-27,3.5234925250832463
12,26,1814,2023-04-01,2.955532263271636
25,1,86,2024-02-24,3.0875158356839143
4,5,5164,2023-09-29,3.5806132991189537
42,17,1767,2023-07-01,4.2745493013115174
40,9,5245,2023-02-10,2.5910274588550517
46,5,8428,2024-01-26,3.0445799298309555
40,15,1068,2022-02-19,3.8753532147767586
9,10,3297,2022-01-05,2.190316499791866
25,26,5097,2022-11-08,1.6761146625073844
18,27,2725,2023-02-11,2.792326918909116
24,25,1429,2023-01-13,1.797485637505515
24,1,950,2023-06-07,2.1862462635636875
20,9,371,2023-01-09,3.413335446918498
28,29,457,2022-09-27,2.303308281882937
19,30,509,2022-06-21,1.7104310562799323
45,29,1327,2023-05-24,4.110865815232231
28,17,1074,2023-05-19,1.0
4,1,864,2022-03-09,2.337073570929764
19,14,1545,2023-12-22,3.737307774683078
28,18,4084,2023-01-03,1.7019810958417982
23,27,1458,2023-06-20,3.272790681821707
47,5,443,2023-08-11,2.71945477769697
32,24,2612,2024-02-10,2.8166271587571265
43,16,1062,2023-08-25,2.474213345506005
48,18,76,2022-03-18,2.2501154542213433
23,21,103,2022-06-13,1.6641766623452798
2,1,3451,2022-11-04,4.411749547410175
42,2,952,2022-01-31,2.6195755646685206
30,9,1195,2022-09-23,3.8125495560507874
22,12,351,2024-02-21,3.7774581521381885
32,17,1376,2023-04-07,2.975233399490741
9,8,2450,2022-12-29,3.4939118477762605
46,4,333,2024-03-21,2.0398640028787125
34,23,2348,2024-01-11,4.077396782912796
41,6,189,2022-12-31,3.101434527744376
38,26,2597,2022-04-06,2.660627547830571
31,6,2684,2022-08-14,2.4830325105416007
45,25,1413,2023-05-31,2.741387768563155
46,2,413,2023-10-27,3.914452722311935
36,19,613,2022-12-17,2.2614134031112765
49,27,755,2023-05-25,1.918652315506933
34,23,2229,2024-04-23,2.313313775855029
36,15,658,2023-06-20,3.560247903527193
43,17,1421,2023-06-22,3.9194186610285406
9,9,916,2023-01-07,2.43745885989929
43,8,1191,2022-08-10,3.399790096089688
44,19,685,2023-06-16,3.426076087496441
19,5,242,2024-04-05,1.9445216886900756
16,24,2890,2023-07-30,2.819003824793059
17,23,2625,2023-07-28,4.0838761378986
41,13,2266,2022-02-09,3.822914104242453
16,7,14737,2023-05-16,1.438010501591454
15,21,2676,2022-06-23,2.776400747359968
8,18,1145,2023-12-17,4.085306705746763
39,17,2150,2022-11-25,1.0
44,28,1361,2024-03-07,1.0
23,12,1749,2023-12-25,4.0385421662677565
4,29,2217,2023-10-27,1.0
44,30,1130,2023-02-20,3.583634213308651
34,30,50,2022-06-16,3.512723079527389
39,14,913,2023-11-22,2.8624693031425936
29,30,1357,2023-07-19,2.6435979828793825
39,20,2725,2022-08-03,4.1627075816941606
3,13,925,2022-09-16,2.1966873865983456
25,16,86,2024-06-07,2.385761947916697
9,15,1020,2023-09-04,3.787457918781267
46,24,1309,2023-07-07,2.828808924619593
25,7,9508,2022-07-28,3.1331617665704448
45,14,574,2022-06-08,3.3939610112065193
26,9,462,2023-12-03,2.603224762938823
47,23,4354,2024-04-14,2.865508083499765
49,29,652,2023-04-09,3.135722311576681
3,3,558,2022-07-21,2.997589917452929
47,25,1847,2023-06-07,2.509769047612491
9,3,6281,2024-02-15,2.689838752051213
9,15,2179,2023-05-11,2.8584422180047606
15,6,651,2023-10-14,2.361362204369237
26,18,219,2022-07-18,2.585910960771063
17,18,1416,2023-03-09,3.179030361311119
29,19,3532,2022-11-10,3.5455131917010494
45,1,4267,2023-12-19,4.477365860588827
40,28,3852,2024-02-20,3.656385744957891
25,21,2329,2023-07-11,3.405819224885838
38,28,395,2024-03-03,2.8663055357465166
43,21,2771,2022-05-25,3.1173709491466584
36,2,3619,2023-04-02,3.1528792544159225
17,8,651,2023-07-25,3.0371492385249192
24,13,3076,2022-04-07,3.1995069469686044
32,2,886,2023-07-24,4.2619626238107795
30,5,266,2024-04-23,2.6428531083595774
27,17,2997,2023-09-30,3.155271994318646
1,22,1989,2022-02-11,3.293681813430454
7,29,94,2022-10-19,2.5793556901496344
15,19,632,2022-01-01,2.909606574505531
4,17,265,2024-02-08,2.0200519598488382
15,23,3546,2022-09-26,3.370979085912346
20,22,331,2024-02-21,3.462253512704912
44,24,1182,2024-04-29,4.477309596838133
6,19,691,2024-06-04,2.143932186939078
1,26,4540,2022-07-26,1.9987684606476448
15,12,1331,2024-05-21,4.155011683258608
46,25,4109,2023-11-30,3.455813824185763
7,3,3237,2022-09-22,3.358166848013852
24,28,6903,2022-06-16,4.310490199638112
20,4,1684,2022-07-22,4.200831072003568
22,22,838,2023-06-16,3.237167147198847
17,8,1299,2023-09-05,2.967313653123193
18,14,7403,2023-10-12,3.972124007097403
38,9,130,2023-03-09,3.593667670819039
24,9,604,2024-06-06,2.997117968727545
22,28,2474,2023-05-19,2.073308248645966
32,18,840,2023-04-11,2.8022580939835224
33,13,213,2022-12-24,2.454412601601761
2,6,1726,2023-09-13,2.5430568081737626
44,17,6104,2022-04-22,3.458066225084927
6,9,5554,2022-02-16,4.449584099307897
8,8,2554,2023-12-23,3.286340582953415
47,27,1374,2023-08-18,4.72470792705957
22,26,1361,2022-02-06,3.937791397406715
42,14,220,2022-02-24,2.4788655971084412
45,19,544,2024-05-28,2.6128913327565426
36,13,452,2023-12-12,2.9805163261912138
18,6,2590,2022-07-25,4.713816286889491
32,24,7411,2023-08-09,3.4908143781843335
29,22,112,2022-08-20,2.1817659478412756
12,17,4104,2023-10-17,2.6134508301605006
4,28,977,2024-06-07,4.259189410632026
24,18,4085,2023-06-05,4.3471421531662955
36,2,1871,2023-12-15,2.632892589704848
39,10,9740,2022-09-13,1.9782236272615334
18,8,3665,2022-08-01,1.7609761419902306
26,8,1089,2023-06-26,1.891531930813849
2,23,1115,2022-03-04,4.155449266969876
41,30,254,2022-12-31,4.2338047568388
20,2,250,2023-08-10,4.443597670689288
25,25,1068,2024-02-12,3.0135080467359163
12,24,1060,2022-08-02,2.9249876403818633
31,11,4353,2023-02-02,2.526957427926375
12,30,365,2023-02-09,1.4382518228772445
8,11,5985,2022-08-16,1.9627985860153367
43,5,932,2023-04-26,1.7899235993289473
49,17,2494,2023-02-06,3.139126433325204
20,18,8688,2022-04-21,3.871549367488347
37,20,156,2023-07-31,2.5009038431919035
5,1,1465,2022-02-07,2.570609167806792
42,20,8679,2024-05-18,3.7330621397619854
31,24,1499,2023-03-16,3.277190780718394
44,6,350,2022-01-27,3.886546253390013
42,28,2288,2024-05-22,2.1680752582995755
1,23,2283,2023-02-04,2.8474540793893226
34,1,3691,2024-04-30,3.173946298543778
10,30,1425,2023-07-11,3.160879237371974
12,27,5395,2023-09-13,3.8405235168060896
33,1,535,2023-08-16,4.306745225840877
26,30,2194,2024-06-18,2.0829236855850497
6,9,4076,2024-06-13,2.7323939949146023
31,9,281,2023-08-09,3.1649527856234614
38,14,5248,2023-01-30,3.6319200640302993
1,24,754,2023-08-08,2.6868595866506118
21,15,2039,2023-07-03,1.384355560818265
29,25,1865,2023-05-07,3.8571207282989772
35,12,79,2023-06-13,3.3608762372663827
2,14,1438,2023-05-04,2.160794461943611
8,16,3806,2024-04-02,3.071686527942087
15,12,1345,2022-12-21,2.054884813360959
23,6,2797,2023-10-06,4.055011692581756
43,23,4590,2022-03-06,3.069487330529442
15,25,2176,2022-12-09,2.92249133630794
19,2,413,2023-07-10,1.8723909460214445
46,27,5357,2023-04-25,2.3368575353072623
30,18,1071,2024-05-29,3.1307819833339625
26,25,1528,2022-04-21,3.2634526281214207
31,7,749,2023-12-16,3.315860595526161
42,24,6639,2023-03-12,3.1791313072517293
45,10,288,2022-01-03,4.091312343979076
22,22,1497,2023-06-19,3.4634321154439083
24,26,944,2024-03-26,3.9285459965577
24,16,1676,2022-08-19,3.8558803989608315
36,28,2275,2023-12-30,2.2696415415807927
19,4,374,2023-01-17,2.64228283009287
44,2,1330,2023-04-27,2.5311543185035
22,16,798,2022-07-27,3.4469926020894732
9,14,2049,2022-02-22,2.0480439573074407
25,2,691,2023-06-22,2.5057498565947074
39,9,2408,2024-06-11,4.517195506503649
46,19,1898,2022-10-31,3.1352992400792723
36,8,2122,2023-06-21,3.2012568678658555
9,8,964,2022-11-06,2.182051696363387
2,28,3272,2022-07-30,4.663956738952418
21,8,4291,2023-08-09,1.4050114859428355
3,22,2264,2024-06-13,3.299245255878058
2,6,1681,2023-10-20,2.435990515393273
44,26,6372,2022-06-07,2.9553847378738354
31,15,498,2023-04-28,2.9110191509210397
16,12,904,2023-08-22,2.2768738868281684
20,3,5289,2022-07-31,2.126149788261937
5,20,5284,2023-05-01,2.7468732402441587
30,21,245,2022-08-20,3.3401430738197613
16,12,3096,2023-09-30,3.268526391719118
14,4,772,2022-08-25,2.4365698334470487
27,25,1663,2022-10-02,2.8088954017067223
23,26,1885,2023-04-10,2.9951432707680854
22,28,3863,2022-07-07,3.6707926195613134
47,17,297,2024-01-06,3.7352611863902148
30,14,3329,2023-12-13,2.767780364649079
14,9,828,2022-01-21,2.6527118564032155
14,20,1752,2024-04-19,2.564976453421328
2,25,1355,2022-10-10,2.181264551719483
16,22,3586,2022-10-13,3.2413780101463185
35,9,3538,2023-08-23,2.951583582154953
4,25,579,2022-03-13,2.1586440895202386
12,28,797,2023-04-01,2.2485316849449966
6,29,85,2023-06-27,2.8847299554227077
23,19,1027,2023-05-23,2.549919774677046
11,18,169,2023-09-18,2.518733054868579
9,23,596,2022-05-09,2.7062206272360054
7,16,2402,2023-07-11,2.434594594225458
4,7,569,2022-07-29,2.525737650096408
36,28,3817,2023-10-14,2.5941337796891633
37,20,1087,2023-08-12,3.304286824307133
22,14,439,2022-12-15,1.2609429950122417
5,30,621,2022-05-01,4.095552781139284
21,10,2334,2022-06-20,2.6927742576958877
5,1,831,2024-01-21,2.04444819359544
37,13,137,2022-12-01,3.410274890463502
49,28,2127,2023-03-26,2.45046739536601
4,2,835,2023-10-26,2.6334267845595396
40,3,992,2022-12-22,4.176936261994887
13,17,6267,2023-12-10,2.8325410582785073
9,9,2380,2023-01-29,3.542340697071415
40,21,3537,2023-03-22,2.609670873483438
8,27,1246,2022-07-24,2.900968329751264
45,19,273,2024-06-08,3.7809186864677673
23,5,148,2022-02-04,3.6344451045259434
24,3,74,2024-05-10,3.98220180785544
21,8,921,2022-09-24,3.9603311263555403
7,19,459,2022-06-06,2.474484576822883
5,5,2209,2023-11-19,3.796838148644653
25,9,1012,2022-07-05,2.3945639291444314
49,4,1959,2023-11-29,3.3647102176652863
50,10,3256,2022-09-21,4.732001875920867
40,2,1892,2023-06-09,3.596641000848323
34,11,139,2022-04-10,3.4747433385548874
18,23,249,2022-12-05,1.267483817276701
50,22,689,2024-04-15,3.779409777703046
44,19,4409,2023-08-05,3.6883787906877963
39,17,647,2023-05-05,2.533538049144849
21,13,549,2024-05-30,3.297996567832
23,12,160,2022-10-16,4.2792978681195
22,11,677,2023-05-01,2.567877289300599
21,15,242,2024-05-18,3.2512423740798875
15,19,376,2022-11-05,4.182501460938608
33,24,1943,2022-04-06,2.6034426058480444
23,29,246,2023-06-04,2.8571120203621243
8,10,1683,2024-01-01,3.8140327332854023
44,5,4314,2022-09-08,3.196014876368374
34,11,794,2023-10-31,2.8420563690863685
46,7,1958,2023-09-12,3.54925280492125
36,22,3818,2024-01-26,1.229418121578535
12,17,72,2023-11-06,3.619066194913824
16,19,3739,2023-02-28,3.897740023041348
19,5,316,2022-12-13,3.968591631151268
35,26,1043,2023-01-07,3.495229758629035
40,7,56,2023-07-12,3.9332388727816046
20,17,1824,2023-03-09,2.541601756007243
14,3,184,2023-06-06,4.489052477789116
24,2,1879,2023-06-26,4.5092917168715285
19,17,2073,2022-05-15,3.8540794406499925
38,21,3158,2023-04-11,3.678663600301064
48,13,369,2022-10-23,2.3253915165650056
49,27,3282,2023-11-21,2.891805683494375
45,1,1143,2023-07-27,2.720310250577757
6,15,3712,2022-12-12,3.2093303781571834
9,26,1822,2022-06-16,1.8713404015296997
13,11,98,2024-01-19,2.0604235785866267
45,6,1509,2022-09-26,3.8263711577222446
29,5,1361,2023-01-27,2.8440438332568334
5,4,336,2022-03-14,2.977988075959491
1,24,2665,2023-11-20,4.417801277335795
46,28,331,2022-12-25,2.9570043928247
21,30,714,2022-02-10,3.6503656898925194
22,28,695,2022-09-06,2.1445995248382737
25,13,674,2022-05-21,1.4507850123935073
36,24,145,2023-07-12,1.4416906901892221
50,1,3005,2022-03-19,3.6269750254516526
15,18,2686,2023-05-09,3.9278329962314444
14,25,1414,2024-05-31,2.6984686196688834
5,3,2633,2022-06-22,1.984248010341514
21,12,910,2022-04-13,2.141225857808438
50,21,560,2022-08-14,3.1604553577847545
17,24,293,2024-02-14,3.918909879542972
43,9,3187,2023-05-09,1.9297012070318138
34,1,1169,2022-05-07,3.441247416169939
22,16,536,2022-03-29,2.9014574281519607
39,22,736,2023-12-10,3.8954103558202102
38,28,930,2024-05-30,2.9891177324437423
32,7,4163,2023-05-06,4.165886846616817
4,14,2855,2022-01-17,3.2860994074591154
28,14,595,2023-02-11,2.3301447365348866
28,26,1682,2023-05-13,2.785225383766684
44,1,1040,2023-12-20,2.442448203935543
39,20,1251,2022-12-24,2.898294846678402
11,24,463,2022-03-26,2.29825183950264
28,9,1773,2023-07-26,2.642142483472999
48,14,1572,2022-05-23,4.024813089388091
20,6,3202,2022-10-13,2.732179734314767
8,5,2688,2024-01-09,2.6770812294064026
37,4,3254,2024-05-20,2.3125277730405513
1,13,8334,2023-08-25,3.9139081151793005
13,2,412,2024-03-04,2.048790974095972
27,5,1690,2023-04-20,2.795798446318197
25,20,4469,2022-03-13,2.3557025383597248
29,9,3469,2023-05-02,3.477153871648537
19,28,804,2023-03-01,2.8676807854851907
21,24,1413,2024-01-16,4.044775933861751
28,30,431,2023-10-03,2.5477721788807344
41,19,1246,2023-11-05,2.6714330727180666
23,16,1771,2023-10-27,3.3434648174559216
27,3,113,2023-10-28,3.305953134255439
34,2,806,2022-01-04,2.261493911633721
20,28,9643,2022-03-07,3.403054734752145
3,4,4075,2022-07-13,2.524506902123035
46,20,5621,2024-02-24,2.846140869542108
39,9,3156,2023-08-22,3.32785492554281
27,23,420,2022-12-17,2.806993876305166
46,6,564,2022-12-10,2.8093772314403336
14,27,1148,2022-02-07,2.189009606867309
24,14,5053,2022-09-10,2.6518222137594973
3,10,2453,2024-01-26,3.600469483068621
45,7,1992,2023-05-19,3.4554875569379506
19,15,1245,2022-07-16,4.7875831210794475
36,8,661,2022-02-11,1.639836100361547
14,11,204,2022-07-23,3.4226424277335346
14,30,1876,2022-02-28,2.0415167493886255
16,29,3692,2022-09-14,1.9814721846059735
12,3,673,2023-12-12,4.488547556696431
48,20,547,2023-03-16,3.687448078154756
9,29,116,2024-02-21,2.1036618720707065
19,26,410,2022-06-03,2.912049827703853
21,19,1228,2023-12-11,4.121252590012261
28,28,583,2023-12-10,3.887243238345269
3,22,659,2022-09-02,3.2825659156062743
8,23,1095,2024-03-13,2.9841717478280274
18,17,131,2023-06-28,2.843761843534325
42,1,1247,2023-03-02,3.2437294629584654
35,8,1318,2023-02-07,4.9875738949131465
38,17,65,2022-07-17,2.437602031784128
43,20,278,2022-11-01,3.2553396083353445
42,11,140,2022-09-08,4.072360356818516
24,5,719,2024-01-07,3.8305916742926054
41,7,1410,2023-09-25,3.0690940536587386
19,11,331,2022-09-05,1.897839381506518
12,8,4813,2023-10-05,1.5136063667004764
12,29,790,2024-01-12,3.1158941317260442
18,18,293,2022-12-12,2.5081817078744653
36,18,243,2023-06-21,3.7357980914623923
12,26,824,2023-11-06,3.091135702480616
2,29,2320,2022-11-22,2.9211294941725905
18,19,4940,2023-07-06,3.015079698355878
28,3,2624,2022-04-19,2.0850190341434707
17,9,1146,2022-09-23,3.0868477646212185
1,23,1771,2022-02-09,3.1278851135979204
31,25,2662,2023-08-11,2.1778598872592334
28,21,2408,2023-01-22,2.045090534594816
38,26,1834,2022-07-23,3.7353233388880014
32,3,1246,2023-06-06,2.7127819489153713
11,16,74,2022-11-30,3.1857028094869357
36,28,2382,2022-12-04,2.797396071979832
4,5,4466,2022-11-08,2.0284325753978707
20,19,101,2023-08-05,1.8698652654631782
31,27,1104,2022-10-08,3.9706531273485135
38,5,1564,2024-01-28,4.211709525264287
31,4,416,2024-05-24,4.628542655231005
30,24,7634,2023-04-24,1.586162117511539
6,27,368,2023-03-16,1.8392213900471295
42,5,3659,2022-11-30,2.6201810836130335
6,4,10590,2023-05-06,1.1706256414276044
29,13,1917,2022-05-17,5.0
45,22,617,2024-01-25,1.555515621674587
3,10,3556,2023-10-01,3.0243964038028786
44,21,6837,2023-05-17,1.9423205440441138
1,28,1799,2024-06-18,3.2595199774303287
36,19,3100,2023-10-24,2.7136711276950702
18,8,838,2023-12-15,4.3750803923238575
8,28,3878,2023-10-02,2.770314645975801
19,27,4853,2023-10-12,3.868629059951478
21,22,3176,2022-04-23,3.078386522776716
17,24,695,2024-02-29,3.3016803151217493
44,20,4033,2023-06-14,2.9765897490520175
36,6,1528,2023-05-22,4.665878995276468
50,17,4063,2024-06-01,2.0741440104124127
18,28,3564,2023-11-20,3.444483572802759
48,9,172,2022-01-03,3.0716645450041993
17,17,758,2022-08-05,2.1181757425094805
5,13,7168,2022-07-18,2.320064363449083
16,18,1345,2023-09-11,3.7615682908078414
42,30,2118,2024-01-08,3.8809246097978294
41,24,2691,2023-04-21,2.9010173309862615
37,1,193,2022-01-06,2.7148226901053354
8,5,3501,2023-12-30,3.2793380322494854
40,23,1387,2022-03-11,3.536829610143845
4,30,99,2022-10-03,4.687555675713967
13,13,2443,2022-01-06,3.6276802547493667
19,27,4114,2023-09-06,2.890842029316663
2,2,2526,2023-08-24,1.7057328755533423
31,28,4031,2022-12-28,2.3688473849927436
27,22,825,2023-03-05,2.623336818788939
1,17,2095,2024-05-31,1.6776650417288927
25,22,466,2023-10-10,3.9624901171446436
32,30,1260,2024-01-10,4.64173291840746
50,14,1294,2022-07-31,3.6545497088847254
24,15,1658,2023-04-14,3.3139327737430135
18,12,1423,2022-09-13,2.592829099434001
18,24,2036,2022-02-18,2.3420640540942395
31,17,1481,2022-02-12,3.896824533859577
32,22,2505,2022-02-26,3.6600786117341078
29,28,264,2022-11-21,2.3062958274312795
19,9,3749,2022-10-10,3.21004906320154
13,19,4864,2022-12-06,3.1548719290940355
12,19,237,2023-09-11,1.0489462733788566
27,25,2483,2022-01-04,2.8925766702509565
23,21,2546,2023-08-23,3.07092607276915
30,9,272,2023-12-05,3.1578525659244763
12,5,148,2022-11-21,3.0004223670852777
41,3,1273,2022-07-07,3.480965399143292
14,3,973,2022-02-17,2.6374012727815894
13,4,3848,2022-07-10,4.161974027576596
9,6,1328,2024-03-03,3.53638449379297
45,13,749,2022-05-03,2.1425142135678756
7,4,2733,2022-10-12,2.0484704857061375
40,22,494,2024-03-12,4.314138362604771
43,3,2248,2024-01-11,3.1838977664991504
47,21,2379,2022-08-06,4.183908879931073
38,24,3693,2023-10-01,2.3127296461087443
12,22,670,2023-10-15,3.9562688944022524
25,4,135,2022-12-24,2.784804394157327
16,15,546,2022-04-29,4.252137546023102
12,27,1763,2022-03-10,1.7802356400097552
37,6,1193,2022-10-26,1.9171521150924853
25,1,2736,2022-07-20,3.764566364896866
16,11,2225,2023-05-09,4.535200714574884
36,15,2301,2023-05-08,3.2969702944454644
8,13,1065,2022-09-30,3.922590862836192
3,29,568,2022-08-10,4.337186312945674
23,12,169,2024-05-12,2.913952694512873
9,23,3125,2024-06-11,3.4296726664489148
28,22,960,2022-07-22,3.0413011013689664
44,7,353,2023-07-15,3.3146153787761774
11,13,3383,2023-07-27,4.130395804501465
47,28,2109,2023-12-30,2.878869415911773
47,9,2392,2023-09-14,3.333169155804913
50,5,1425,2022-07-27,2.919409403675196
38,27,2913,2022-11-15,2.564902507376547
21,14,208,2022-09-05,2.8556866545900736
10,14,1184,2022-02-09,4.098278779741224
30,6,1229,2022-07-08,2.6566044637610706
6,9,488,2024-05-06,3.4708426158165757
48,24,2537,2024-06-02,1.721500518493002
25,18,1850,2022-03-07,3.3697381328655545
18,26,78,2024-01-17,2.3420547381961097
17,11,1055,2024-05-07,4.053567069349363
34,23,1047,2024-02-08,2.416736669517841
30,1,1275,2023-12-05,3.8383303753044626
20,24,2934,2024-02-09,3.910164962171822
36,5,996,2023-05-12,3.2796759994882376
43,21,552,2022-10-17,3.375657454678746
27,22,1169,2022-01-27,3.571282799776074
3,12,2221,2022-04-17,2.393606221985061
27,2,10047,2022-02-10,1.7469202136287258
29,7,979,2022-12-20,3.1980095332609637
49,7,1771,2022-11-18,3.120324350540931
18,13,628,2023-05-23,4.102967797010681
50,1,475,2024-04-06,2.0041350094254744
23,10,3712,2023-11-08,3.3531371995927404
41,29,1179,2023-10-10,2.308039478695339
21,3,840,2024-01-26,2.825638357385083
7,26,4511,2023-01-13,2.111478243000251
4,23,1343,2023-03-24,3.3272224429941097
41,16,855,2024-02-09,1.9395920706540748
28,14,197,2022-03-04,3.008913250439006
3,15,3380,2024-01-23,3.5677130324046455
36,2,3023,2022-11-14,3.050543382045213
49,23,142,2022-09-19,4.048307761735977
45,5,1044,2023-05-08,4.937924431031952
6,5,2618,2022-06-30,3.6862196855961296
39,6,70,2023-01-29,2.5249637421949402
36,15,1125,2023-11-15,2.2273940675149926
50,30,836,2023-10-04,2.62847659015249
48,27,15435,2023-01-01,3.3696487146015173
16,24,2925,2023-05-04,2.717203643038651
31,10,2521,2022-05-31,2.169464682330453
9,17,6132,2022-02-08,3.520360074028911
47,25,328,2023-05-20,1.7975357585921454
49,1,2515,2022-06-04,2.9611144841017474
2,8,447,2022-03-30,3.35889048265453
6,1,310,2022-04-23,2.665776162054576
34,27,156,2022-05-08,3.7537905211978893
6,6,2238,2022-05-22,3.2493614417049748
48,15,1193,2023-05-10,2.6409854204090952
17,3,1367,2023-04-02,3.6353120480609435
49,19,3098,2022-04-22,2.8237963188031294
14,26,1963,2024-01-29,3.1053759116274526
29,19,2499,2023-04-26,2.2809115144331256
40,19,1172,2022-10-05,2.1704391952200464
48,30,1659,2022-12-23,2.9614351348103503
43,10,3358,2023-09-02,1.8086799065907233
22,19,1442,2022-03-05,3.811935185964126
14,24,5525,2024-02-05,3.021643232551161
16,8,156,2023-05-09,3.0814885651038826
11,5,920,2023-07-14,3.97419878852096
14,5,191,2023-12-07,2.305247176598281
50,16,861,2023-09-02,3.131795029971508
20,22,2694,2022-04-15,2.9675853199713664
23,19,3126,2023-06-25,2.9781680482882393
10,17,267,2023-05-09,2.7861951084615786
28,30,1671,2022-06-20,1.9225900729889889
49,12,203,2023-06-29,3.2995845171267564
34,25,2745,2023-07-22,4.49739825495514
26,11,1859,2022-06-04,3.391404733599556
47,6,191,2023-01-23,2.679152919900491
35,15,1662,2023-08-01,4.496530700953975
22,3,984,2023-05-23,4.5589367661771885
6,9,1542,2022-08-13,2.55318820632489
2,29,432,2022-04-16,4.724266198552494
22,19,4341,2022-07-02,2.2179502996218505
22,4,2465,2023-09-05,2.816487404745578
4,7,633,2023-02-10,2.96521844014891
1,10,1068,2024-01-26,3.4516847407148803
48,6,264,2022-01-08,2.1842685290463075
50,3,4465,2022-03-17,3.2802734233827175
4,29,1487,2023-01-30,3.2382848753648172
19,24,570,2023-05-08,3.975602854969796
45,8,2172,2024-01-07,3.8289614657053774
47,20,77,2022-08-12,2.4411161315231564
48,2,179,2023-02-18,2.3035863153218488
3,30,1916,2023-08-29,3.3263014259002572
19,4,5447,2023-05-05,3.3620251490875876
46,3,1968,2023-10-31,3.1234693496515282
46,10,1165,2022-07-05,4.369549756653624
43,25,861,2024-02-18,3.799463768991803
38,26,1434,2023-04-27,2.8103384072915376
43,5,3114,2023-01-13,4.199227523727541
13,4,1834,2023-01-02,3.0003370073896947
43,22,107,2022-07-09,3.7831392054923394
38,18,1101,2024-04-11,2.1947893658323356
21,16,1503,2023-12-09,3.6471143360848077
19,3,3328,2022-01-08,3.4371710113181297
12,28,1221,2023-05-14,3.685978798400989
24,25,3571,2022-07-14,2.3067043130686944
32,5,841,2022-11-15,3.56610913896679
33,17,266,2022-12-20,3.007230549209846
45,3,908,2023-04-15,3.227459559615385
12,23,1289,2023-01-09,3.174265503609772
22,9,399,2023-08-30,3.4444101170737986
47,16,300,2022-05-29,2.2650507908111246
40,21,2586,2023-10-22,2.0034260988428922
33,30,88,2022-05-30,3.043947288799879
42,19,602,2022-11-15,2.8263863596605034
9,10,1921,2022-08-09,2.7532137692353444
47,22,672,2022-10-30,3.3589518146711255
43,29,1121,2023-11-10,4.244839551581646
33,19,2322,2023-01-06,2.394151589057631
34,19,1632,2023-06-02,3.5184706917283273
29,16,5855,2023-09-19,3.6061302983519807
39,24,2405,2022-07-05,2.9939877085833775
5,26,4570,2022-07-03,1.0
49,30,3197,2022-03-04,3.2076588491841767
3,15,4386,2022-07-19,3.508305087057815
28,9,1584,2024-01-23,3.285937372974095
22,16,504,2022-04-25,3.2130269843589043
29,19,3486,2022-12-31,1.553002387486198
15,3,76,2023-01-04,2.282362855483796
8,22,1355,2022-06-13,2.4615625238983903
40,4,3816,2023-05-07,2.970723309949959
13,13,9109,2022-07-28,3.2847816991677963
29,27,137,2023-02-06,3.1208098324462554
40,27,2502,2022-12-04,2.7733859929284264
11,26,911,2024-04-16,3.888094085333054
49,9,60,2023-12-26,2.676316683909485
15,16,187,2023-11-21,4.1172775132650115
45,30,3299,2023-04-12,3.331718388083826
17,3,2274,2023-07-13,2.4234882625344403
9,28,1041,2022-05-23,3.423065041450416
16,23,1909,2023-01-25,3.423904557109316
22,30,390,2023-03-03,3.3297876318853694
13,11,682,2022-07-02,2.128293570126089
2,30,4109,2023-10-14,2.372190473497837
11,15,1682,2023-06-11,2.867383041918836
23,18,6414,2023-01-23,2.1346020101609278
38,25,663,2024-04-25,1.8623947800739735
45,28,1293,2022-09-08,3.8840485838423273
27,4,3521,2022-02-26,3.4912205178067843
32,23,8235,2023-12-10,3.4227142494941765
37,20,968,2023-01-25,3.279720037839755
46,18,3112,2023-01-22,1.7481577829103558
46,27,1493,2023-10-25,4.51739054559726
18,2,2806,2024-01-02,2.421507495488842
38,16,3554,2024-03-23,4.95956783916648
16,29,815,2024-05-15,2.058957394461385
11,27,3833,2023-01-01,2.174612336162791
15,11,60,2024-04-24,3.890688404755151
5,21,1079,2022-12-18,3.1548555194028625
19,11,2304,2022-05-05,2.517851321737769
25,20,1735,2024-02-21,1.8104512219783058
28,5,2055,2023-02-27,1.8811842815478526
21,12,1413,2024-02-14,3.5614794283936746
14,11,6009,2024-01-20,2.9504378031215226
27,23,4034,2022-04-10,3.1616436928205167
23,9,2117,2024-05-26,3.5219109729948532
10,22,389,2023-07-27,2.0351998391420243
12,22,1264,2023-08-24,3.298794615521378
29,14,422,2022-01-18,3.4184632032019158
43,15,3692,2023-12-24,4.064693744293734
30,6,1585,2023-03-16,2.1174537941534135
37,17,698,2024-04-09,2.7499658103198685
26,11,1847,2022-11-16,2.3540516788243084
20,20,615,2023-09-14,2.880795840508908
43,7,1442,2024-05-28,2.18957639231188
23,24,4368,2022-04-23,4.193614295488844
20,5,4603,2023-07-15,2.97310994823703
31,21,178,2022-10-29,3.3637927297129075
39,21,7455,2024-01-06,2.835312455295728
50,7,523,2022-07-26,2.402737322767809
20,18,675,2022-04-01,2.795056198003696
3,5,2898,2024-05-20,2.806802043303377
40,12,702,2023-12-20,2.0374393156886845
30,24,327,2022-08-19,2.166364470205518
49,4,2291,2022-02-26,3.476023572668452
31,18,889,2024-02-18,2.554061557513343
23,22,1375,2022-09-30,4.081622780944572
5,6,3083,2022-10-01,3.2257499259443416
24,3,56,2022-06-06,2.871410046950509
31,10,3506,2022-02-21,3.828677843894095
34,9,473,2022-11-09,3.174460406922179
17,15,494,2022-02-10,3.016757892420115
39,13,9153,2024-03-11,2.0525118621503817
18,13,2756,2023-03-20,2.600492561126903
44,6,3693,2022-11-22,2.7815021180744703
39,4,1126,2023-04-08,3.843545323978608
40,13,4462,2024-01-07,4.383291814455627
26,14,2119,2022-07-26,3.059423395266279
39,8,980,2023-08-19,3.173420451010103
28,21,703,2022-07-16,2.1221579778937247
45,22,3544,2022-09-15,2.116109765549984
14,3,5640,2024-03-15,3.1764331416110934
12,17,2664,2023-05-31,4.9835115349679295
22,4,51,2024-02-23,4.813744156078578
50,17,2024,2023-11-07,2.88655870000313
15,13,246,2023-03-14,2.0528918591580005
50,27,131,2022-09-20,2.4750432360892454
13,7,62,2023-11-27,2.413685691418219
16,23,1385,2023-01-22,2.579001714786063
30,18,424,2022-01-28,4.110670222566759
21,16,882,2023-04-05,3.6145657733053898
10,12,1441,2022-02-15,3.1723172043650303
30,1,3884,2024-04-15,2.378087939312876
32,15,1303,2023-11-28,3.5546597522660806
8,8,5161,2023-09-19,1.9970398960814235
11,7,318,2023-11-27,3.37013290945591
32,26,2312,2023-05-25,2.8595488436006278
50,6,88,2024-01-15,3.5349238438063253
8,9,714,2023-01-12,2.2027258109416388
2,8,5462,2022-08-27,2.0141430823700475
17,6,2319,2022-10-13,3.2650733174234725
26,17,711,2024-05-17,3.4267206809900497
32,17,2500,2023-07-15,2.5168154992246166
28,1,236,2024-06-11,2.8163610757117223
33,12,460,2022-12-02,2.1236792775926108
14,13,1233,2023-03-28,3.2387134772530435
24,30,173,2024-03-25,1.9491078831367468
19,3,747,2022-04-14,3.683046849847255
27,16,3116,2023-02-21,2.6840302428027436
47,2,3927,2022-11-18,3.4602710912924675
12,23,749,2022-09-26,2.8844252677601654
2,30,5684,2023-06-28,2.242362673727577
20,17,3507,2022-06-06,2.1758447840816473
15,26,763,2023-06-21,2.969487449580546
46,25,409,2022-04-15,3.7290901777397774
48,12,2691,2023-08-16,3.0846030330171845
18,21,3490,2023-05-25,3.585993682223842
50,10,841,2022-01-10,3.2309789302600187
11,29,3078,2022-03-30,2.8328000314450144
45,6,533,2022-03-02,2.4875764347940104
48,2,2735,2022-01-30,3.3386735588868603
12,7,428,2023-05-27,4.664612723231351
28,26,3205,2022-01-29,2.44170098510729
34,23,295,2022-01-25,3.6058135468283243
1,23,542,2024-06-09,2.1388021852722865
42,22,4610,2023-11-02,3.1770288973844263
22,6,4574,2023-12-16,2.052556039184704
38,17,937,2024-04-01,3.1578610804919025
35,14,453,2022-05-06,4.195400997005065
13,17,695,2022-07-03,3.3490681507324065
6,5,5478,2023-09-08,2.5921546454472937
5,26,1097,2022-05-26,3.027552809364673
50,18,857,2024-04-15,2.6480296700747386
44,23,1486,2023-11-28,3.439759534648804
47,12,2413,2023-08-07,3.5898020263545583
48,12,3421,2023-07-05,2.1267110442974335
17,7,639,2022-04-06,2.14457051566494
14,5,195,2022-12-22,1.5704434149281212
4,8,391,2024-01-15,2.9252905128800415
28,13,2526,2022-03-28,2.5765343100413034
8,24,6976,2022-08-25,3.7152396778598353
7,24,1299,2022-12-08,2.602631340855673
16,3,241,2022-10-11,2.067009684912555
45,23,3628,2023-05-02,1.3073267478134183
46,12,1002,2024-04-03,3.5237412939858506
40,26,1493,2022-10-05,2.6213879625335608
20,6,836,2022-02-05,4.206106847130947
5,22,3484,2023-02-01,2.446278230338488
1,20,1013,2023-07-12,4.188175392810181
9,28,474,2023-02-18,2.806641238866808
18,17,776,2022-06-28,2.9162293930997296
23,30,3044,2022-04-28,1.0
48,15,2881,2024-03-19,2.8445846944171844
41,25,2217,2023-06-27,2.3953667998733095
34,10,582,2022-01-22,2.7010703373886638
2,12,123,2024-04-14,2.59418287152495
11,16,1756,2022-12-20,3.0581444194634733
6,25,3146,2022-10-03,2.6708054843502556
48,10,1825,2022-12-24,3.033060505816495
27,27,1719,2023-11-08,3.3544017043579
47,23,1646,2022-02-15,3.968194800405501
17,29,814,2022-08-22,2.784786762868142
8,5,238,2022-06-23,3.113428336368216
37,30,706,2022-10-26,2.5968644229005897
7,13,4140,2023-11-15,2.902979619331465
47,14,1659,2022-07-14,4.414263246724143
21,5,2905,2022-05-19,2.6327277518248065
36,2,1100,2023-09-04,2.4443197046694842
5,22,120,2022-12-19,2.243403151442575
29,4,4394,2024-03-17,3.486596953347975
36,9,572,2023-01-06,3.609044450727562
20,9,1627,2022-04-06,2.0832795280141374
5,20,2186,2023-04-27,3.1967174615303238
4,19,420,2022-11-13,1.0
35,25,1464,2023-07-29,1.6522394448113396
2,28,2239,2023-03-27,1.348242008032998
16,14,97,2023-01-22,2.4733678069926235
21,4,1898,2023-04-17,2.6860563564337476
12,17,4462,2024-06-11,2.2381468954089625
42,7,633,2024-02-19,2.4584038892331748
44,19,319,2024-05-31,3.720318870716051
12,3,2307,2023-06-19,3.3609802554548067
2,17,2344,2023-06-02,1.6747014338577808
25,29,1297,2024-04-28,2.5804414909898785
33,13,2214,2023-08-11,3.609137413917594
45,22,310,2023-09-24,1.9920148172493473
27,9,11608,2022-06-15,1.7245372053748336
9,12,106,2023-07-15,4.354853175622633
34,16,106,2023-07-23,4.154631642905554
24,22,751,2023-08-21,1.2348649212930136
14,2,153,2024-03-12,4.297754481239544
24,21,193,2022-03-22,4.560913638638236
18,24,883,2024-04-05,2.1458921195192175
36,13,744,2023-04-18,2.7763453565867655
16,29,4660,2023-12-14,3.945787223150652
18,6,751,2022-01-02,3.9285592028777465
16,27,5211,2022-10-21,2.8697015032067363
14,6,2357,2024-03-23,2.1584680599554487
23,14,322,2022-04-24,2.9332851030968934
5,13,4543,2023-08-04,1.0
14,15,4486,2022-01-13,3.467163995902507
46,22,243,2024-01-04,1.476438207794467
13,27,3520,2024-03-19,4.065751288608628
31,22,2244,2024-06-08,3.1812735931942484
27,25,1038,2023-03-09,2.363448189603779
16,3,4488,2023-02-22,2.8529224954224968
47,1,1080,2023-08-29,2.0773195915232323
33,3,2732,2023-08-23,3.9098516338917833
44,12,1750,2022-08-20,2.740864146762456
19,6,244,2023-12-04,4.063997470037326
13,28,2967,2022-10-04,4.1557699954914264
43,19,562,2023-05-11,2.9690289412957274
26,16,713,2022-09-26,3.7371313445395833
19,16,272,2023-06-12,2.3968691765066845
31,23,582,2023-07-28,4.576691416574239
46,20,785,2023-07-07,2.9844250407383224
1,3,3370,2023-06-09,2.358276326792285
11,7,1305,2022-06-20,4.0929237026189185
26,6,1675,2022-11-19,2.700655779207853
25,29,2472,2022-10-26,2.8755474443825317
4,11,5386,2023-09-01,2.2172349972806344
41,23,3171,2022-10-14,1.8391148902639933
43,15,898,2024-01-05,2.3550254665527643
14,14,176,2023-03-26,2.949301465894411
3,16,292,2024-04-26,2.890929322388411
25,19,50,2023-07-07,3.8483167241871064
38,23,1122,2023-10-20,2.7625813912274437
10,10,658,2023-04-18,2.7136751482967725
50,6,4102,2022-09-25,3.3861552412929234
4,17,1985,2023-09-21,2.2579902451796765
4,1,135,2022-11-24,2.3155462108613767
43,27,1846,2022-05-14,2.1776505911413286
28,28,4270,2023-05-18,2.7405650265462063
37,17,1533,2022-10-15,3.7471561328813894
48,7,1446,2022-06-30,3.8223056752166014
12,30,941,2022-10-04,2.477992687663421
7,29,315,2024-02-27,3.348780311600037
31,30,5545,2023-08-29,1.0
33,10,3368,2024-05-05,2.460052784967558
15,2,2115,2022-12-09,2.6775392087479752
18,3,469,2023-02-18,3.2914001697783912
44,27,488,2023-02-02,3.1811672248907574
18,4,921,2023-12-21,4.0153381251667035
6,10,3118,2023-06-23,3.1703599789372983
16,14,409,2023-01-09,2.9880505781433877
45,22,172,2023-06-28,2.7321212131161756
42,21,1532,2022-07-24,2.5259923478296558
29,27,406,2022-06-16,3.1879822998529974
28,29,1027,2022-02-16,3.2289558072384175
19,3,1015,2024-01-26,1.0012051297028393
20,15,1459,2022-02-25,3.101218564014444
13,3,4258,2023-05-18,2.412353522507623
13,21,149,2022-03-30,4.6829384824493765
1,10,5886,2024-01-28,3.4771176552941228
49,25,5576,2024-06-04,3.5161353002982545
14,9,413,2022-02-23,3.5959931356912658
6,15,2659,2022-02-12,3.77615746134824
28,19,854,2023-11-21,2.036051519017569
9,8,2166,2023-06-06,3.423213039913687
39,30,1398,2022-06-02,3.0455635522039186
20,22,1972,2022-07-07,2.252257031613396
47,12,201,2022-09-10,3.1691662030937886
11,19,9839,2022-08-05,3.036178167199986
44,24,1069,2023-01-04,3.0409583215048683
22,23,83,2022-06-25,2.5162703460038274
33,19,1525,2022-03-03,3.660581090357743
49,5,2405,2022-05-06,4.023614935808127
13,30,1516,2024-06-15,1.2265449285167485
16,28,2300,2022-12-23,2.5345743732863566
23,11,2462,2023-06-15,2.060896028472822
13,11,911,2022-08-08,2.1147044714549796
27,13,558,2022-03-04,3.458256804421012
47,8,637,2023-03-02,3.037417144672677
27,9,2780,2023-01-07,2.9142776951715708
21,26,1489,2022-04-28,1.512052110538715
28,17,2418,2022-06-14,2.515723677298175
50,9,1421,2022-09-15,3.512434348059819
35,1,241,2023-07-18,3.098462561324945
49,20,1096,2023-04-15,2.9694879316466807
45,17,4006,2023-06-04,3.039842232722266
25,16,1867,2023-12-31,4.247038455598311
9,1,843,2022-05-29,2.649003263961365
16,12,3177,2022-12-13,4.609460797154101
21,26,189,2024-01-19,1.9046907701204283
43,7,2617,2023-11-27,3.487786854279866
24,20,943,2023-06-29,4.327276416735779
4,8,2260,2023-12-20,4.842911001683831
18,15,2323,2024-04-18,1.8164446214882208
42,13,2597,2022-09-16,3.268915970420983
11,3,4720,2022-01-23,2.8180189920372736
36,24,1126,2022-11-17,4.609627304768488
23,7,7556,2023-08-05,3.1089383064518614
23,29,773,2023-12-05,3.608094701005089
50,20,1050,2022-04-28,3.8435296897755293
2,25,2663,2023-06-02,3.0177631476341094
35,18,512,2022-10-09,1.8312600490786741
5,19,1065,2022-01-07,3.6571635434027243
24,9,974,2023-11-08,3.036493143457235
35,23,359,2023-08-15,2.8478736450090176
49,25,4721,2022-08-29,3.0453940537296433
8,18,812,2023-12-29,2.6981263384417518
13,7,3943,2023-11-20,3.5738268649270206
25,6,2394,2024-04-30,2.0924828938348083
17,14,2125,2023-04-05,3.9838193796175494
34,28,3292,2024-02-15,3.9541881323331314
30,27,3392,2024-05-01,1.9937054752728898
32,22,3961,2022-04-29,3.8235659852786856
4,3,4177,2022-06-01,3.6978523040227604
40,7,2577,2023-03-04,2.719431644301203
41,27,3671,2023-05-10,3.8399953339604544
50,4,1774,2022-10-05,4.162625845001975
48,3,2521,2022-04-05,2.9095492287783755
14,16,2438,2022-11-23,3.2891324190175837
23,18,1097,2024-03-08,3.48658311624585
